players_used,Age,Poss,Playing Time,Playing Time,Playing Time,Playing Time,Performance,Performance,Performance,Performance,Performance,Performance,Performance,Performance,Expected,Expected,Expected,Expected,Progression,Progression,Per 90 Minutes,Per 90 Minutes,Per 90 Minutes,Per 90 Minutes,Per 90 Minutes,Per 90 Minutes,Per 90 Minutes,Per 90 Minutes,Per 90 Minutes,Per 90 Minutes,url
,,,MP,Starts,Min,90s,Gls,Ast,G+A,G-PK,PK,PKatt,CrdY,CrdR,xG,npxG,xAG,npxG+xAG,PrgC,PrgP,Gls,Ast,G+A,G-PK,G+A-PK,xG,xAG,xG+xAG,npxG,npxG+xAG,
29,25.8,53.8,38,418,3420,38,56,35,91,53,3,3,88,5,47.0,44.6,31.4,76.1,815,1641,1.47,0.92,2.39,1.39,2.32,1.24,0.83,2.06,1.17,2.0,/en/squads/18bb7c10/2019-2020/Arsenal-Stats
28,25.7,44.1,38,418,3420,38,40,32,72,39,1,3,70,1,44.3,41.8,34.2,76.0,639,1247,1.05,0.84,1.89,1.03,1.87,1.16,0.9,2.06,1.1,2.0,/en/squads/8602292d/2019-2020/Aston-Villa-Stats
27,25.2,44.1,38,418,3420,38,38,24,62,34,4,4,78,3,44.8,41.7,30.6,72.3,601,1256,1.0,0.63,1.63,0.89,1.53,1.18,0.8,1.98,1.1,1.9,/en/squads/4ba7cbea/2019-2020/Bournemouth-Stats
25,26.4,52.2,38,418,3420,38,35,24,59,34,1,2,59,2,45.4,43.8,31.6,75.4,669,1675,0.92,0.63,1.55,0.89,1.53,1.2,0.83,2.03,1.15,1.99,/en/squads/d07537b9/2019-2020/Brighton-and-Hove-Albion-Stats
22,28.0,41.9,38,418,3420,38,41,30,71,38,3,3,67,0,47.4,45.3,32.4,77.7,437,890,1.08,0.79,1.87,1.0,1.79,1.25,0.85,2.1,1.19,2.04,/en/squads/943e8050/2019-2020/Burnley-Stats
27,25.5,60.4,38,418,3420,38,69,46,115,62,7,7,60,0,69.2,64.4,46.7,111.1,983,1897,1.82,1.21,3.03,1.63,2.84,1.82,1.23,3.05,1.7,2.92,/en/squads/cff3d9bb/2019-2020/Chelsea-Stats
25,29.4,44.8,38,418,3420,38,29,20,49,26,3,3,62,2,35.8,33.6,26.0,59.5,596,1223,0.76,0.53,1.29,0.68,1.21,0.94,0.68,1.63,0.88,1.57,/en/squads/47c64c55/2019-2020/Crystal-Palace-Stats
24,25.5,49.0,38,418,3420,38,42,32,74,41,1,1,76,3,50.8,50.0,38.1,88.1,623,1430,1.11,0.84,1.95,1.08,1.92,1.34,1.0,2.34,1.32,2.32,/en/squads/d3fd31cc/2019-2020/Everton-Stats
24,26.1,57.1,38,418,3420,38,65,48,113,60,5,7,43,3,62.2,56.7,44.9,101.6,739,1612,1.71,1.26,2.97,1.58,2.84,1.64,1.18,2.82,1.49,2.67,/en/squads/a2d435b3/2019-2020/Leicester-City-Stats
24,26.6,62.9,38,418,3420,38,83,69,152,78,5,5,38,1,68.9,65.0,53.0,118.0,967,1941,2.18,1.82,4.0,2.05,3.87,1.81,1.39,3.21,1.71,3.1,/en/squads/822bd0ba/2019-2020/Liverpool-Stats
24,26.9,66.2,38,418,3420,38,100,69,169,94,6,11,64,4,92.0,83.6,68.4,152.0,1199,2460,2.63,1.82,4.45,2.47,4.29,2.42,1.8,4.22,2.2,4.0,/en/squads/b8fd03ef/2019-2020/Manchester-City-Stats
29,24.8,55.8,38,418,3420,38,65,43,108,55,10,14,73,0,62.2,51.2,38.5,89.7,926,1788,1.71,1.13,2.84,1.45,2.58,1.64,1.01,2.65,1.35,2.36,/en/squads/19538871/2019-2020/Manchester-United-Stats
28,26.5,39.0,38,418,3420,38,38,29,67,38,0,1,66,3,35.5,34.8,26.9,61.7,537,844,1.0,0.76,1.76,1.0,1.76,0.94,0.71,1.64,0.91,1.62,/en/squads/b2b47a98/2019-2020/Newcastle-United-Stats
30,26.0,49.3,38,418,3420,38,25,18,43,23,2,2,68,3,37.0,35.4,27.4,62.8,673,1169,0.66,0.47,1.13,0.61,1.08,0.97,0.72,1.69,0.93,1.65,/en/squads/1c781004/2019-2020/Norwich-City-Stats
26,26.9,43.1,38,418,3420,38,36,25,61,35,1,1,63,2,43.0,42.2,34.0,76.3,493,1352,0.95,0.66,1.61,0.92,1.58,1.13,0.9,2.03,1.11,2.01,/en/squads/1df6b87e/2019-2020/Sheffield-United-Stats
25,25.9,48.9,38,418,3420,38,51,32,83,49,2,5,55,4,56.1,52.1,36.4,88.5,628,1335,1.34,0.84,2.18,1.29,2.13,1.48,0.96,2.43,1.37,2.33,/en/squads/33c895d4/2019-2020/Southampton-Stats
29,26.7,52.0,38,418,3420,38,56,39,95,53,3,4,84,3,47.9,44.7,32.6,77.3,768,1410,1.47,1.03,2.5,1.39,2.42,1.26,0.86,2.12,1.18,2.03,/en/squads/361ca564/2019-2020/Tottenham-Hotspur-Stats
26,28.9,42.9,38,418,3420,38,35,21,56,28,7,8,80,3,48.9,42.6,31.4,74.0,578,1168,0.92,0.55,1.47,0.74,1.29,1.29,0.83,2.11,1.12,1.95,/en/squads/2abfe087/2019-2020/Watford-Stats
29,27.4,44.1,38,418,3420,38,49,36,85,45,4,4,64,1,48.6,45.4,36.7,82.2,666,1377,1.29,0.95,2.24,1.18,2.13,1.28,0.97,2.24,1.2,2.16,/en/squads/7c21e445/2019-2020/West-Ham-United-Stats
21,26.6,48.3,38,418,3420,38,49,34,83,45,4,4,61,2,54.1,51.0,37.5,88.5,858,1338,1.29,0.89,2.18,1.18,2.08,1.42,0.99,2.41,1.34,2.33,/en/squads/8cec06e1/2019-2020/Wolverhampton-Wanderers-Stats
29,25.9,53.5,38,418,3420,38,53,38,91,47,6,6,49,5,51.8,47.0,35.1,82.1,758,1760,1.39,1.0,2.39,1.24,2.24,1.36,0.92,2.29,1.24,2.16,/en/squads/18bb7c10/2020-2021/Arsenal-Stats
24,25.2,48.5,38,418,3420,38,52,38,90,47,5,6,71,4,52.5,47.9,37.4,85.3,629,1420,1.37,1.0,2.37,1.24,2.24,1.38,0.98,2.37,1.26,2.25,/en/squads/8602292d/2020-2021/Aston-Villa-Stats
27,25.8,51.1,38,418,3420,38,39,24,63,33,6,9,49,6,50.9,43.8,33.2,77.0,685,1516,1.03,0.63,1.66,0.87,1.5,1.34,0.87,2.21,1.15,2.03,/en/squads/d07537b9/2020-2021/Brighton-and-Hove-Albion-Stats
25,28.3,42.1,38,418,3420,38,32,20,52,29,3,3,48,0,39.3,36.9,27.7,64.6,389,1012,0.84,0.53,1.37,0.76,1.29,1.03,0.73,1.76,0.97,1.7,/en/squads/943e8050/2020-2021/Burnley-Stats
27,26.0,60.9,38,418,3420,38,56,38,94,48,8,10,51,3,62.4,54.5,41.5,96.0,895,1798,1.47,1.0,2.47,1.26,2.26,1.64,1.09,2.73,1.43,2.53,/en/squads/cff3d9bb/2020-2021/Chelsea-Stats
24,29.1,40.6,38,418,3420,38,39,29,68,36,3,4,56,2,34.1,31.0,23.6,54.6,526,1132,1.03,0.76,1.79,0.95,1.71,0.9,0.62,1.52,0.82,1.44,/en/squads/47c64c55/2020-2021/Crystal-Palace-Stats
29,26.3,46.4,38,418,3420,38,45,32,77,41,4,5,59,2,45.7,41.9,30.7,72.6,604,1184,1.18,0.84,2.03,1.08,1.92,1.2,0.81,2.01,1.1,1.91,/en/squads/d3fd31cc/2020-2021/Everton-Stats
28,25.2,49.7,38,418,3420,38,26,18,44,23,3,6,67,3,40.5,35.9,26.3,62.2,727,1354,0.68,0.47,1.16,0.61,1.08,1.07,0.69,1.76,0.95,1.64,/en/squads/fd962109/2020-2021/Fulham-Stats
23,26.1,57.3,38,418,3420,38,60,45,105,56,4,4,61,1,55.6,52.5,41.9,94.3,811,1633,1.58,1.18,2.76,1.47,2.66,1.46,1.1,2.57,1.38,2.48,/en/squads/5bfb9659/2020-2021/Leeds-United-Stats
27,26.5,54.3,38,418,3420,38,64,45,109,54,10,12,61,0,55.8,46.3,33.7,80.1,666,1464,1.68,1.18,2.87,1.42,2.61,1.47,0.89,2.36,1.22,2.11,/en/squads/a2d435b3/2020-2021/Leicester-City-Stats
28,26.8,62.1,38,418,3420,38,65,43,108,59,6,6,40,0,67.5,62.9,48.3,111.2,886,2057,1.71,1.13,2.84,1.55,2.68,1.78,1.27,3.05,1.66,2.93,/en/squads/822bd0ba/2020-2021/Liverpool-Stats
24,26.1,63.5,38,418,3420,38,82,55,137,77,5,9,46,2,68.2,61.2,45.4,106.6,1096,2051,2.16,1.45,3.61,2.03,3.47,1.8,1.19,2.99,1.61,2.81,/en/squads/b8fd03ef/2020-2021/Manchester-City-Stats
29,25.6,55.7,38,418,3420,38,70,51,121,60,10,11,64,1,60.1,51.4,41.6,93.1,877,1832,1.84,1.34,3.18,1.58,2.92,1.58,1.1,2.68,1.35,2.45,/en/squads/19538871/2020-2021/Manchester-United-Stats
27,27.1,38.8,38,418,3420,38,44,26,70,38,6,7,65,3,43.4,37.8,29.0,66.8,467,903,1.16,0.68,1.84,1.0,1.68,1.14,0.76,1.91,1.0,1.76,/en/squads/b2b47a98/2020-2021/Newcastle-United-Stats
27,26.7,41.7,38,418,3420,38,19,13,32,16,3,4,73,3,32.6,29.5,24.9,54.4,491,1196,0.5,0.34,0.84,0.42,0.76,0.86,0.66,1.52,0.78,1.43,/en/squads/1df6b87e/2020-2021/Sheffield-United-Stats
29,26.6,52.0,38,418,3420,38,47,33,80,42,5,6,52,3,41.2,36.6,25.8,62.5,626,1195,1.24,0.87,2.11,1.11,1.97,1.09,0.68,1.77,0.96,1.64,/en/squads/33c895d4/2020-2021/Southampton-Stats
24,27.2,51.6,38,418,3420,38,66,50,116,61,5,5,57,2,53.1,49.2,35.3,84.4,633,1330,1.74,1.32,3.05,1.61,2.92,1.4,0.93,2.33,1.29,2.22,/en/squads/361ca564/2020-2021/Tottenham-Hotspur-Stats
30,26.4,37.9,38,418,3420,38,33,20,53,29,4,4,51,4,35.8,32.7,24.4,57.1,441,1027,0.87,0.53,1.39,0.76,1.29,0.94,0.64,1.59,0.86,1.5,/en/squads/60c6b05f/2020-2021/West-Bromwich-Albion-Stats
24,27.8,43.2,38,418,3420,38,60,46,106,58,2,4,50,3,55.4,52.1,39.6,91.7,658,1282,1.58,1.21,2.79,1.53,2.74,1.46,1.04,2.5,1.37,2.41,/en/squads/7c21e445/2020-2021/West-Ham-United-Stats
27,26.3,49.3,38,418,3420,38,34,21,55,30,4,4,55,1,36.5,33.4,24.1,57.6,800,1283,0.89,0.55,1.45,0.79,1.34,0.96,0.63,1.6,0.88,1.51,/en/squads/8cec06e1/2020-2021/Wolverhampton-Wanderers-Stats
27,24.4,52.8,38,418,3420,38,60,41,101,55,5,8,67,4,60.5,55.1,40.2,95.4,734,1655,1.58,1.08,2.66,1.45,2.53,1.59,1.06,2.65,1.45,2.51,/en/squads/18bb7c10/2021-2022/Arsenal-Stats
31,26.1,46.5,38,418,3420,38,50,42,92,47,3,3,81,2,44.0,42.0,34.8,76.8,653,1300,1.32,1.11,2.42,1.24,2.34,1.16,0.92,2.08,1.1,2.02,/en/squads/8602292d/2021-2022/Aston-Villa-Stats
29,25.4,44.8,38,418,3420,38,46,33,79,40,6,6,65,3,45.8,41.1,33.0,74.1,450,1189,1.21,0.87,2.08,1.05,1.92,1.21,0.87,2.07,1.08,1.95,/en/squads/cd051869/2021-2022/Brentford-Stats
26,26.2,54.4,38,418,3420,38,40,30,70,36,4,7,72,2,46.2,40.7,32.3,72.9,676,1547,1.05,0.79,1.84,0.95,1.74,1.21,0.85,2.06,1.07,1.92,/en/squads/d07537b9/2021-2022/Brighton-and-Hove-Albion-Stats
23,28.5,40.2,38,418,3420,38,32,26,58,31,1,2,68,2,39.7,38.1,31.2,69.3,388,972,0.84,0.68,1.53,0.82,1.5,1.05,0.82,1.87,1.0,1.82,/en/squads/943e8050/2021-2022/Burnley-Stats
26,27.4,61.8,38,418,3420,38,75,52,127,67,8,9,63,1,63.4,56.6,44.9,101.5,894,1967,1.97,1.37,3.34,1.76,3.13,1.67,1.18,2.85,1.49,2.67,/en/squads/cff3d9bb/2021-2022/Chelsea-Stats
24,27.1,51.1,38,418,3420,38,50,31,81,44,6,8,69,1,46.4,40.1,31.0,71.1,592,1229,1.32,0.82,2.13,1.16,1.97,1.22,0.82,2.04,1.06,1.87,/en/squads/47c64c55/2021-2022/Crystal-Palace-Stats
33,26.7,40.0,38,418,3420,38,42,29,71,36,6,7,82,6,41.2,35.8,28.5,64.3,512,1100,1.11,0.76,1.87,0.95,1.71,1.09,0.75,1.83,0.94,1.69,/en/squads/d3fd31cc/2021-2022/Everton-Stats
29,26.1,52.3,38,418,3420,38,42,26,68,37,5,5,101,3,44.4,40.4,31.3,71.8,671,1483,1.11,0.68,1.79,0.97,1.66,1.17,0.82,1.99,1.06,1.89,/en/squads/5bfb9659/2021-2022/Leeds-United-Stats
28,26.5,52.0,38,418,3420,38,62,46,108,60,2,2,55,1,47.8,46.2,34.2,80.4,622,1356,1.63,1.21,2.84,1.58,2.79,1.26,0.9,2.16,1.22,2.12,/en/squads/a2d435b3/2021-2022/Leicester-City-Stats
27,27.7,62.7,38,418,3420,38,94,71,165,87,7,8,50,1,88.7,82.7,63.5,146.2,885,2243,2.47,1.87,4.34,2.29,4.16,2.33,1.67,4.0,2.18,3.85,/en/squads/822bd0ba/2021-2022/Liverpool-Stats
26,27.0,67.9,38,418,3420,38,96,63,159,89,7,9,42,1,88.7,81.4,65.5,146.9,1145,2421,2.53,1.66,4.18,2.34,4.0,2.33,1.72,4.06,2.14,3.87,/en/squads/b8fd03ef/2021-2022/Manchester-City-Stats
29,27.2,52.7,38,418,3420,38,56,46,102,53,3,5,77,2,55.8,51.9,42.5,94.3,784,1568,1.47,1.21,2.68,1.39,2.61,1.47,1.12,2.59,1.36,2.48,/en/squads/19538871/2021-2022/Manchester-United-Stats
29,27.5,40.4,38,418,3420,38,41,23,64,38,3,3,81,2,38.1,35.9,25.8,61.7,544,923,1.08,0.61,1.68,1.0,1.61,1.0,0.68,1.68,0.94,1.62,/en/squads/b2b47a98/2021-2022/Newcastle-United-Stats
28,26.2,42.9,38,418,3420,38,21,16,37,18,3,3,57,1,32.3,30.0,24.3,54.3,566,1031,0.55,0.42,0.97,0.47,0.89,0.85,0.64,1.49,0.79,1.43,/en/squads/1c781004/2021-2022/Norwich-City-Stats
25,25.7,47.7,38,418,3420,38,41,26,67,37,4,4,65,2,44.8,41.6,32.5,74.1,728,1326,1.08,0.68,1.76,0.97,1.66,1.18,0.85,2.03,1.1,1.95,/en/squads/33c895d4/2021-2022/Southampton-Stats
25,26.5,51.8,38,418,3420,38,63,50,113,58,5,5,69,1,61.2,57.3,47.0,104.4,791,1459,1.66,1.32,2.97,1.53,2.84,1.61,1.24,2.85,1.51,2.75,/en/squads/361ca564/2021-2022/Tottenham-Hotspur-Stats
30,28.4,40.7,38,418,3420,38,33,26,59,32,1,2,63,3,40.0,38.4,32.5,70.9,557,1070,0.87,0.68,1.55,0.84,1.53,1.05,0.86,1.91,1.01,1.87,/en/squads/2abfe087/2021-2022/Watford-Stats
25,28.2,47.9,38,418,3420,38,58,46,104,54,4,6,52,3,51.4,46.8,37.4,84.2,646,1449,1.53,1.21,2.74,1.42,2.63,1.35,0.99,2.34,1.23,2.22,/en/squads/7c21e445/2021-2022/West-Ham-United-Stats
26,27.3,49.5,38,418,3420,38,35,22,57,34,1,1,62,2,37.5,36.8,26.4,63.2,723,1283,0.92,0.58,1.5,0.89,1.47,0.99,0.69,1.68,0.97,1.66,/en/squads/8cec06e1/2021-2022/Wolverhampton-Wanderers-Stats
32,27.6,41.5,38,418,3420,38,34,20,54,28,6,6,111,7,39.3,34.7,26.9,61.6,403,944,0.89,0.53,1.42,0.74,1.26,1.03,0.71,1.74,0.91,1.62,/en/squads/8d6fd021/2019-2020/Alaves-Stats
26,26.7,48.7,38,418,3420,38,40,23,63,32,8,10,90,2,41.5,33.8,26.2,60.0,604,1291,1.05,0.61,1.66,0.84,1.45,1.09,0.69,1.78,0.89,1.58,/en/squads/2b390eca/2019-2020/Athletic-Club-Stats
30,26.1,48.6,38,418,3420,38,50,35,85,44,6,8,93,3,56.8,50.6,39.4,90.0,598,1333,1.32,0.92,2.24,1.16,2.08,1.5,1.04,2.53,1.33,2.37,/en/squads/db3b9613/2019-2020/Atletico-Madrid-Stats
28,27.8,66.4,38,418,3420,38,84,62,146,78,6,6,92,6,66.3,61.7,49.5,111.2,923,2042,2.21,1.63,3.84,2.05,3.68,1.75,1.3,3.05,1.62,2.93,/en/squads/206d90db/2019-2020/Barcelona-Stats
27,27.5,56.7,38,418,3420,38,48,35,83,42,6,8,108,9,51.0,45.2,36.9,82.0,834,1475,1.26,0.92,2.18,1.11,2.03,1.34,0.97,2.31,1.19,2.16,/en/squads/fc536746/2019-2020/Real-Betis-Stats
30,25.8,51.7,38,418,3420,38,37,26,63,31,6,9,104,6,39.2,32.4,26.2,58.7,670,1364,0.97,0.68,1.66,0.82,1.5,1.03,0.69,1.72,0.85,1.54,/en/squads/f25da7fb/2019-2020/Celta-Vigo-Stats
26,29.3,46.3,38,418,3420,38,38,24,62,31,7,10,92,3,42.0,34.2,26.0,60.2,424,1265,1.0,0.63,1.63,0.82,1.45,1.1,0.68,1.79,0.9,1.58,/en/squads/bea5c710/2019-2020/Eibar-Stats
31,27.7,47.4,38,418,3420,38,25,17,42,21,4,4,107,9,38.6,35.6,27.3,62.9,561,1240,0.66,0.45,1.11,0.55,1.0,1.02,0.72,1.74,0.94,1.66,/en/squads/a8661628/2019-2020/Espanyol-Stats
30,27.5,45.0,38,418,3420,38,42,31,73,36,6,7,135,5,41.6,36.1,27.9,64.0,416,1196,1.11,0.82,1.92,0.95,1.76,1.09,0.73,1.83,0.95,1.69,/en/squads/7848bd64/2019-2020/Getafe-Stats
27,26.8,43.8,38,418,3420,38,50,34,84,45,5,5,109,1,44.9,40.9,30.5,71.4,511,1009,1.32,0.89,2.21,1.18,2.08,1.18,0.8,1.98,1.08,1.88,/en/squads/a0435291/2019-2020/Granada-Stats
29,26.9,43.9,38,418,3420,38,30,19,49,27,3,5,127,4,39.9,35.9,27.7,63.7,498,1165,0.79,0.5,1.29,0.71,1.21,1.05,0.73,1.78,0.95,1.68,/en/squads/7c6f2c78/2019-2020/Leganes-Stats
29,27.7,48.3,38,418,3420,38,45,28,73,40,5,5,79,5,48.1,44.2,36.3,80.5,711,1358,1.18,0.74,1.92,1.05,1.79,1.27,0.95,2.22,1.16,2.12,/en/squads/9800b6a1/2019-2020/Levante-Stats
32,26.8,45.0,38,418,3420,38,39,21,60,31,8,10,93,5,41.1,33.3,25.4,58.7,740,1210,1.03,0.55,1.58,0.82,1.37,1.08,0.67,1.75,0.88,1.55,/en/squads/2aa12281/2019-2020/Mallorca-Stats
31,27.7,47.4,38,418,3420,38,46,26,72,38,8,8,110,6,49.4,43.2,34.4,77.6,562,1359,1.21,0.68,1.89,1.0,1.68,1.3,0.91,2.21,1.14,2.04,/en/squads/03c57e2b/2019-2020/Osasuna-Stats
26,27.6,58.8,38,418,3420,38,69,52,121,58,11,11,82,4,67.9,59.2,49.9,109.1,951,1972,1.82,1.37,3.18,1.53,2.89,1.79,1.31,3.1,1.56,2.87,/en/squads/53a2f082/2019-2020/Real-Madrid-Stats
27,24.8,56.2,38,418,3420,38,54,38,92,50,4,5,79,2,48.9,45.1,35.4,80.5,737,1588,1.42,1.0,2.42,1.32,2.32,1.29,0.93,2.22,1.19,2.12,/en/squads/e31d1cd9/2019-2020/Real-Sociedad-Stats
26,27.7,57.9,38,418,3420,38,53,35,88,46,7,7,97,1,53.2,47.9,38.4,86.3,803,1823,1.39,0.92,2.32,1.21,2.13,1.4,1.01,2.41,1.26,2.27,/en/squads/ad2be733/2019-2020/Sevilla-Stats
28,27.0,49.0,38,418,3420,38,45,34,79,40,5,8,80,8,43.3,37.2,31.7,68.9,671,1378,1.18,0.89,2.08,1.05,1.95,1.14,0.83,1.97,0.98,1.81,/en/squads/dcc91a7b/2019-2020/Valencia-Stats
30,27.1,44.7,38,418,3420,38,31,19,50,28,3,6,84,0,36.6,32.1,24.0,56.1,510,1106,0.82,0.5,1.32,0.74,1.24,0.96,0.63,1.59,0.85,1.48,/en/squads/17859612/2019-2020/Valladolid-Stats
25,27.6,52.9,38,418,3420,38,62,40,102,52,10,11,78,1,63.6,55.2,43.1,98.3,694,1483,1.63,1.05,2.68,1.37,2.42,1.67,1.13,2.81,1.45,2.59,/en/squads/2a8183b3/2019-2020/Villarreal-Stats
30,28.7,42.8,38,418,3420,38,35,21,56,30,5,8,96,8,42.6,36.4,27.4,63.7,404,938,0.92,0.55,1.47,0.79,1.34,1.12,0.72,1.84,0.96,1.68,/en/squads/8d6fd021/2020-2021/Alaves-Stats
27,26.6,49.9,38,418,3420,38,43,31,74,39,4,5,82,3,43.1,39.2,31.3,70.5,685,1496,1.13,0.82,1.95,1.03,1.84,1.13,0.82,1.96,1.03,1.86,/en/squads/2b390eca/2020-2021/Athletic-Club-Stats
25,27.3,52.3,38,418,3420,38,65,54,119,60,5,7,100,0,52.8,47.2,40.6,87.8,694,1604,1.71,1.42,3.13,1.58,3.0,1.39,1.07,2.46,1.24,2.31,/en/squads/db3b9613/2020-2021/Atletico-Madrid-Stats
25,26.4,65.5,38,418,3420,38,80,51,131,76,4,8,72,2,73.5,67.1,53.2,120.2,972,2157,2.11,1.34,3.45,2.0,3.34,1.94,1.4,3.33,1.77,3.16,/en/squads/206d90db/2020-2021/Barcelona-Stats
25,27.9,53.6,38,418,3420,38,50,35,85,42,8,11,93,8,49.1,40.5,33.4,73.9,694,1441,1.32,0.92,2.24,1.11,2.03,1.29,0.88,2.17,1.07,1.94,/en/squads/fc536746/2020-2021/Real-Betis-Stats
30,26.6,53.3,38,418,3420,38,55,39,94,48,7,7,109,5,50.4,44.9,36.7,81.6,514,1308,1.45,1.03,2.47,1.26,2.29,1.33,0.97,2.29,1.18,2.15,/en/squads/f25da7fb/2020-2021/Celta-Vigo-Stats
34,28.8,34.8,38,418,3420,38,33,16,49,29,4,4,81,3,34.7,31.6,20.4,52.0,455,854,0.87,0.42,1.29,0.76,1.18,0.91,0.54,1.45,0.83,1.37,/en/squads/ee7c297c/2020-2021/Cadiz-Stats
30,28.2,49.3,38,418,3420,38,29,20,49,25,4,9,71,3,45.2,38.3,29.9,68.2,507,1295,0.76,0.53,1.29,0.66,1.18,1.19,0.79,1.98,1.01,1.79,/en/squads/bea5c710/2020-2021/Eibar-Stats
30,28.1,47.5,38,418,3420,38,33,25,58,31,2,3,99,3,29.9,27.5,21.8,49.4,500,927,0.87,0.66,1.53,0.82,1.47,0.79,0.57,1.36,0.72,1.3,/en/squads/6c8b07df/2020-2021/Elche-Stats
31,26.7,43.3,38,418,3420,38,27,14,41,24,3,5,120,7,34.4,30.5,23.6,54.1,443,1090,0.71,0.37,1.08,0.63,1.0,0.91,0.62,1.53,0.8,1.42,/en/squads/7848bd64/2020-2021/Getafe-Stats
34,27.4,41.4,38,418,3420,38,47,30,77,44,3,5,97,6,41.1,37.3,26.8,64.0,411,975,1.24,0.79,2.03,1.16,1.95,1.08,0.7,1.79,0.98,1.68,/en/squads/a0435291/2020-2021/Granada-Stats
27,28.0,48.3,38,418,3420,38,32,23,55,29,3,4,69,2,38.9,36.1,26.7,62.8,618,1185,0.84,0.61,1.45,0.76,1.37,1.02,0.7,1.73,0.95,1.65,/en/squads/c6c493e6/2020-2021/Huesca-Stats
29,28.0,52.2,38,418,3420,38,45,35,80,42,3,6,68,1,40.4,35.7,29.6,65.3,619,1537,1.18,0.92,2.11,1.11,2.03,1.06,0.78,1.84,0.94,1.72,/en/squads/9800b6a1/2020-2021/Levante-Stats
28,27.9,43.2,38,418,3420,38,36,25,61,31,5,6,80,5,38.7,34.7,24.9,59.7,345,1220,0.95,0.66,1.61,0.82,1.47,1.02,0.66,1.68,0.91,1.57,/en/squads/03c57e2b/2020-2021/Osasuna-Stats
30,27.9,59.3,38,418,3420,38,64,53,117,61,3,3,59,2,61.5,59.2,47.4,106.5,963,1920,1.68,1.39,3.08,1.61,3.0,1.62,1.25,2.87,1.56,2.8,/en/squads/53a2f082/2020-2021/Real-Madrid-Stats
30,25.0,54.9,38,418,3420,38,58,39,97,49,9,12,81,1,60.7,51.5,39.6,91.1,626,1554,1.53,1.03,2.55,1.29,2.32,1.6,1.04,2.64,1.36,2.4,/en/squads/e31d1cd9/2020-2021/Real-Sociedad-Stats
26,28.1,60.9,38,418,3420,38,52,36,88,46,6,7,79,2,54.4,48.9,41.0,90.0,691,1627,1.37,0.95,2.32,1.21,2.16,1.43,1.08,2.51,1.29,2.37,/en/squads/ad2be733/2020-2021/Sevilla-Stats
30,25.2,46.9,38,418,3420,38,48,35,83,40,8,10,82,5,42.6,34.8,27.3,62.1,575,1180,1.26,0.92,2.18,1.05,1.97,1.12,0.72,1.84,0.92,1.63,/en/squads/dcc91a7b/2020-2021/Valencia-Stats
32,28.1,45.2,38,418,3420,38,34,21,55,27,7,8,93,4,40.1,33.8,24.2,58.0,564,1101,0.89,0.55,1.45,0.71,1.26,1.05,0.64,1.69,0.89,1.53,/en/squads/17859612/2020-2021/Valladolid-Stats
29,28.0,55.2,38,418,3420,38,57,33,90,45,12,13,67,5,56.4,46.4,40.5,86.9,737,1628,1.5,0.87,2.37,1.18,2.05,1.48,1.06,2.55,1.22,2.29,/en/squads/2a8183b3/2020-2021/Villarreal-Stats
33,27.9,42.0,38,418,3420,38,29,20,49,23,6,7,93,4,37.3,31.8,25.5,57.3,420,984,0.76,0.53,1.29,0.61,1.13,0.98,0.67,1.65,0.84,1.51,/en/squads/8d6fd021/2021-2022/Alaves-Stats
26,26.9,48.1,38,418,3420,38,40,34,74,37,3,7,90,4,49.6,44.0,37.5,81.6,653,1572,1.05,0.89,1.95,0.97,1.87,1.31,0.99,2.29,1.16,2.15,/en/squads/2b390eca/2021-2022/Athletic-Club-Stats
26,28.1,50.6,38,418,3420,38,63,45,108,59,4,5,111,7,54.4,50.6,40.2,90.8,705,1463,1.66,1.18,2.84,1.55,2.74,1.43,1.06,2.49,1.33,2.39,/en/squads/db3b9613/2021-2022/Atletico-Madrid-Stats
38,26.2,64.2,38,418,3420,38,68,52,120,62,6,7,97,5,63.4,57.9,47.6,105.5,961,2079,1.79,1.37,3.16,1.63,3.0,1.67,1.25,2.92,1.52,2.78,/en/squads/206d90db/2021-2022/Barcelona-Stats
31,28.9,53.7,38,418,3420,38,60,45,105,54,6,6,87,6,53.5,48.8,37.7,86.5,666,1518,1.58,1.18,2.76,1.42,2.61,1.41,0.99,2.4,1.29,2.28,/en/squads/fc536746/2021-2022/Real-Betis-Stats
25,28.4,55.2,38,418,3420,38,43,29,72,40,3,6,87,3,43.1,38.3,28.8,67.2,665,1447,1.13,0.76,1.89,1.05,1.82,1.13,0.76,1.89,1.01,1.77,/en/squads/f25da7fb/2021-2022/Celta-Vigo-Stats
33,28.5,41.3,38,418,3420,38,35,21,56,32,3,6,105,3,39.5,34.8,24.6,59.4,571,1080,0.92,0.55,1.47,0.84,1.39,1.04,0.65,1.69,0.91,1.56,/en/squads/ee7c297c/2021-2022/Cadiz-Stats
28,29.1,48.4,38,418,3420,38,39,29,68,38,1,1,104,6,33.7,32.9,27.6,60.5,531,1102,1.03,0.76,1.79,1.0,1.76,0.89,0.73,1.61,0.86,1.59,/en/squads/6c8b07df/2021-2022/Elche-Stats
34,27.7,46.9,38,418,3420,38,39,25,64,34,5,5,99,7,36.7,32.9,25.8,58.7,610,1212,1.03,0.66,1.68,0.89,1.55,0.97,0.68,1.65,0.87,1.55,/en/squads/a8661628/2021-2022/Espanyol-Stats
31,26.6,41.5,38,418,3420,38,31,26,57,28,3,5,121,8,29.3,25.3,19.4,44.7,399,917,0.82,0.68,1.5,0.74,1.42,0.77,0.51,1.28,0.67,1.18,/en/squads/7848bd64/2021-2022/Getafe-Stats
32,28.1,44.7,38,418,3420,38,43,28,71,40,3,5,105,4,39.0,35.1,26.7,61.8,435,1047,1.13,0.74,1.87,1.05,1.79,1.03,0.7,1.73,0.92,1.63,/en/squads/a0435291/2021-2022/Granada-Stats
31,28.0,47.2,38,418,3420,38,51,34,85,43,8,13,109,6,55.1,45.1,31.7,76.9,569,1343,1.34,0.89,2.24,1.13,2.03,1.45,0.84,2.28,1.19,2.02,/en/squads/9800b6a1/2021-2022/Levante-Stats
33,27.9,45.3,38,418,3420,38,33,23,56,27,6,7,114,7,38.8,33.3,25.7,59.0,575,1129,0.87,0.61,1.47,0.71,1.32,1.02,0.68,1.7,0.88,1.55,/en/squads/2aa12281/2021-2022/Mallorca-Stats
29,27.7,46.9,38,418,3420,38,37,23,60,31,6,8,84,2,36.7,30.7,22.9,53.6,417,1328,0.97,0.61,1.58,0.82,1.42,0.96,0.6,1.57,0.81,1.41,/en/squads/03c57e2b/2021-2022/Osasuna-Stats
28,27.5,49.9,38,418,3420,38,38,28,66,34,4,4,101,3,42.8,39.7,30.7,70.3,697,1312,1.0,0.74,1.74,0.89,1.63,1.13,0.81,1.93,1.04,1.85,/en/squads/98e8af82/2021-2022/Rayo-Vallecano-Stats
31,27.7,59.9,38,418,3420,38,80,59,139,72,8,12,76,0,71.7,62.2,50.7,112.9,1029,2078,2.11,1.55,3.66,1.89,3.45,1.89,1.33,3.22,1.64,2.97,/en/squads/53a2f082/2021-2022/Real-Madrid-Stats
32,25.7,54.3,38,418,3420,38,40,22,62,31,9,10,77,4,51.5,43.8,32.9,76.7,667,1462,1.05,0.58,1.63,0.82,1.39,1.36,0.87,2.22,1.15,2.02,/en/squads/e31d1cd9/2021-2022/Real-Sociedad-Stats
33,28.6,59.4,38,418,3420,38,51,40,91,49,2,3,97,4,42.4,40.0,32.5,72.5,625,1596,1.34,1.05,2.39,1.29,2.34,1.12,0.86,1.97,1.05,1.91,/en/squads/ad2be733/2021-2022/Sevilla-Stats
34,24.8,43.6,38,418,3420,38,45,30,75,37,8,9,134,8,39.0,32.2,25.4,57.6,554,1202,1.18,0.79,1.97,0.97,1.76,1.03,0.67,1.69,0.85,1.52,/en/squads/dcc91a7b/2021-2022/Valencia-Stats
29,28.0,56.8,38,418,3420,38,62,51,113,57,5,6,81,1,64.2,60.0,50.9,110.9,790,1698,1.63,1.34,2.97,1.5,2.84,1.69,1.34,3.03,1.58,2.92,/en/squads/2a8183b3/2021-2022/Villarreal-Stats
27,27.4,45.6,28,308,2520,28,30,20,50,27,3,5,59,4,27.4,23.4,16.9,40.4,384,1013,1.07,0.71,1.79,0.96,1.68,0.98,0.6,1.58,0.84,1.44,/en/squads/25622401/2019-2020/Amiens-Stats
26,28.0,45.3,28,308,2520,28,27,21,48,26,1,1,43,2,29.3,28.5,23.0,51.5,542,1088,0.96,0.75,1.71,0.93,1.68,1.05,0.82,1.87,1.02,1.84,/en/squads/69236f98/2019-2020/Angers-Stats
26,26.9,53.6,28,308,2520,28,40,29,69,38,2,2,55,0,30.4,28.8,21.6,50.4,441,995,1.43,1.04,2.46,1.36,2.39,1.08,0.77,1.86,1.03,1.8,/en/squads/123f3efe/2019-2020/Bordeaux-Stats
24,26.1,49.8,28,308,2520,28,32,27,59,31,1,5,45,2,30.7,26.8,22.1,48.9,415,1138,1.14,0.96,2.11,1.11,2.07,1.1,0.79,1.89,0.96,1.75,/en/squads/fb08dbb3/2019-2020/Brest-Stats
28,26.9,46.5,28,308,2520,28,26,17,43,25,1,1,43,2,30.5,29.9,22.9,52.8,513,909,0.93,0.61,1.54,0.89,1.5,1.09,0.82,1.91,1.07,1.88,/en/squads/8dfb7350/2019-2020/Dijon-Stats
25,24.3,52.9,28,308,2520,28,35,25,60,30,5,8,51,3,40.3,34.0,24.5,58.5,544,1077,1.25,0.89,2.14,1.07,1.96,1.44,0.88,2.31,1.21,2.09,/en/squads/cb188c0c/2019-2020/Lille-Stats
27,24.8,56.2,28,308,2520,28,42,29,71,37,5,6,50,4,37.6,33.0,25.2,58.2,563,1208,1.5,1.04,2.54,1.32,2.36,1.34,0.9,2.24,1.18,2.08,/en/squads/d53c0b06/2019-2020/Lyon-Stats
23,27.1,53.5,28,308,2520,28,38,28,66,34,4,6,68,3,36.2,31.6,25.8,57.5,639,1107,1.36,1.0,2.36,1.21,2.21,1.29,0.92,2.22,1.13,2.05,/en/squads/5725cc7b/2019-2020/Marseille-Stats
24,25.9,45.3,28,308,2520,28,27,20,47,25,2,4,45,4,27.1,24.0,18.0,41.9,578,845,0.96,0.71,1.68,0.89,1.61,0.97,0.64,1.61,0.86,1.5,/en/squads/f83960ae/2019-2020/Metz-Stats
28,26.0,50.9,28,308,2520,28,44,29,73,40,4,4,61,10,48.9,45.7,33.1,78.8,646,1302,1.57,1.04,2.61,1.43,2.46,1.74,1.18,2.93,1.63,2.82,/en/squads/fd6114db/2019-2020/Monaco-Stats
27,28.5,47.6,28,308,2520,28,33,19,52,31,2,5,57,5,35.3,31.3,23.2,54.6,425,1104,1.18,0.68,1.86,1.11,1.79,1.26,0.83,2.09,1.12,1.95,/en/squads/281b0e73/2019-2020/Montpellier-Stats
29,25.4,48.0,28,308,2520,28,23,16,39,21,2,2,52,2,30.2,28.7,23.6,52.4,548,1034,0.82,0.57,1.39,0.75,1.32,1.08,0.84,1.92,1.03,1.87,/en/squads/d7a486cd/2019-2020/Nantes-Stats
31,23.9,54.6,28,308,2520,28,41,30,71,36,5,5,58,7,35.7,31.9,24.9,56.8,499,1260,1.46,1.07,2.54,1.29,2.36,1.28,0.89,2.17,1.14,2.03,/en/squads/132ebc33/2019-2020/Nice-Stats
28,25.4,45.0,28,308,2520,28,29,20,49,27,2,2,44,6,30.3,28.7,22.2,50.9,421,959,1.04,0.71,1.75,0.96,1.68,1.08,0.79,1.87,1.03,1.82,/en/squads/1cbf5f9e/2019-2020/Nimes-Stats
31,27.2,65.2,27,297,2430,27,71,51,122,65,6,8,51,1,74.2,67.9,54.4,122.3,711,1681,2.63,1.89,4.52,2.41,4.3,2.75,2.01,4.76,2.51,4.53,/en/squads/e2d8892c/2019-2020/Paris-Saint-Germain-Stats
26,25.3,48.9,28,308,2520,28,26,16,42,21,5,5,57,5,30.6,26.7,22.1,48.9,597,1042,0.93,0.57,1.5,0.75,1.32,1.09,0.79,1.88,0.96,1.75,/en/squads/7fdd64e0/2019-2020/Reims-Stats
26,25.5,49.6,28,308,2520,28,37,26,63,34,3,5,51,1,37.1,33.4,25.6,59.0,557,936,1.32,0.93,2.25,1.21,2.14,1.33,0.91,2.24,1.19,2.11,/en/squads/b3072e00/2019-2020/Rennes-Stats
31,27.0,48.2,28,308,2520,28,28,20,48,23,5,5,61,3,31.4,27.6,20.2,47.8,515,979,1.0,0.71,1.71,0.82,1.54,1.12,0.72,1.84,0.99,1.71,/en/squads/d298ef2c/2019-2020/Saint-Etienne-Stats
25,25.8,49.6,27,297,2430,27,32,21,53,29,3,4,47,1,34.2,31.1,22.9,54.0,492,982,1.19,0.78,1.96,1.07,1.85,1.27,0.85,2.11,1.15,2.0,/en/squads/c0d3eab4/2019-2020/Strasbourg-Stats
30,25.1,44.2,28,308,2520,28,21,14,35,17,4,6,49,5,31.7,27.2,19.6,46.8,556,949,0.75,0.5,1.25,0.61,1.11,1.13,0.7,1.84,0.97,1.67,/en/squads/3f8c4b5f/2019-2020/Toulouse-Stats
31,27.9,46.4,38,418,3420,38,40,23,63,35,5,6,65,2,41.6,36.9,26.4,63.3,614,1435,1.05,0.61,1.66,0.92,1.53,1.1,0.7,1.79,0.97,1.67,/en/squads/69236f98/2020-2021/Angers-Stats
28,27.6,49.8,38,418,3420,38,41,32,73,37,4,4,78,4,43.5,40.4,31.4,71.7,644,1303,1.08,0.84,1.92,0.97,1.82,1.14,0.83,1.97,1.06,1.89,/en/squads/123f3efe/2020-2021/Bordeaux-Stats
26,24.9,49.3,38,418,3420,38,48,31,79,45,3,4,62,4,50.0,46.8,36.0,82.8,685,1438,1.26,0.82,2.08,1.18,2.0,1.32,0.95,2.26,1.23,2.18,/en/squads/fb08dbb3/2020-2021/Brest-Stats
33,25.7,46.2,38,418,3420,38,25,15,40,22,3,5,76,5,33.7,29.9,22.6,52.6,528,1204,0.66,0.39,1.05,0.58,0.97,0.89,0.6,1.48,0.79,1.38,/en/squads/8dfb7350/2020-2021/Dijon-Stats
27,26.4,51.1,38,418,3420,38,53,35,88,43,10,12,94,7,56.4,47.3,37.8,85.1,743,1567,1.39,0.92,2.32,1.13,2.05,1.48,0.99,2.48,1.24,2.24,/en/squads/fd4e0f7d/2020-2021/Lens-Stats
21,25.4,53.8,38,418,3420,38,62,39,101,57,5,5,68,2,48.5,44.5,34.4,79.0,713,1660,1.63,1.03,2.66,1.5,2.53,1.28,0.91,2.18,1.17,2.08,/en/squads/cb188c0c/2020-2021/Lille-Stats
27,26.8,44.6,38,418,3420,38,49,26,75,40,9,10,69,3,48.6,41.4,30.8,72.2,572,1169,1.29,0.68,1.97,1.05,1.74,1.28,0.81,2.09,1.09,1.9,/en/squads/d2c87802/2020-2021/Lorient-Stats
29,25.8,54.9,38,418,3420,38,76,46,122,65,11,11,66,10,81.4,73.0,54.9,127.9,805,1991,2.0,1.21,3.21,1.71,2.92,2.14,1.44,3.59,1.92,3.36,/en/squads/d53c0b06/2020-2021/Lyon-Stats
31,27.2,53.6,38,418,3420,38,53,45,98,49,4,7,98,9,47.0,41.6,36.5,78.0,606,1499,1.39,1.18,2.58,1.29,2.47,1.24,0.96,2.2,1.09,2.05,/en/squads/5725cc7b/2020-2021/Marseille-Stats
27,25.7,45.2,38,418,3420,38,42,28,70,35,7,11,84,4,44.1,35.8,28.3,64.0,744,1221,1.11,0.74,1.84,0.92,1.66,1.16,0.74,1.9,0.94,1.68,/en/squads/f83960ae/2020-2021/Metz-Stats
30,24.8,55.8,38,418,3420,38,76,52,128,64,12,15,78,7,68.7,56.9,46.7,103.6,757,1750,2.0,1.37,3.37,1.68,3.05,1.81,1.23,3.04,1.5,2.73,/en/squads/fd6114db/2020-2021/Monaco-Stats
25,28.0,45.7,38,418,3420,38,60,42,102,58,2,5,65,7,51.9,48.1,33.8,81.8,616,1311,1.58,1.11,2.68,1.53,2.63,1.37,0.89,2.25,1.26,2.15,/en/squads/281b0e73/2020-2021/Montpellier-Stats
25,25.8,43.9,38,418,3420,38,47,28,75,39,8,9,70,4,49.0,42.2,29.4,71.6,656,1350,1.24,0.74,1.97,1.03,1.76,1.29,0.77,2.06,1.11,1.88,/en/squads/d7a486cd/2020-2021/Nantes-Stats
31,23.5,54.3,38,418,3420,38,49,26,75,42,7,7,73,4,48.0,42.7,29.9,72.6,784,1531,1.29,0.68,1.97,1.11,1.79,1.26,0.79,2.05,1.12,1.91,/en/squads/132ebc33/2020-2021/Nice-Stats
33,25.8,44.4,38,418,3420,38,40,26,66,33,7,8,60,5,43.3,37.0,29.9,66.9,520,1200,1.05,0.68,1.74,0.87,1.55,1.14,0.79,1.93,0.97,1.76,/en/squads/1cbf5f9e/2020-2021/Nimes-Stats
33,26.7,63.1,38,418,3420,38,84,52,136,72,12,13,79,7,80.1,70.1,55.6,125.8,909,2089,2.21,1.37,3.58,1.89,3.26,2.11,1.46,3.57,1.85,3.31,/en/squads/e2d8892c/2020-2021/Paris-Saint-Germain-Stats
29,24.6,44.9,38,418,3420,38,39,23,62,34,5,5,77,8,32.7,28.9,21.7,50.6,698,1246,1.03,0.61,1.63,0.89,1.5,0.86,0.57,1.43,0.76,1.33,/en/squads/7fdd64e0/2020-2021/Reims-Stats
32,25.5,59.1,38,418,3420,38,50,39,89,47,3,3,79,5,47.8,45.4,35.3,80.7,741,1883,1.32,1.03,2.34,1.24,2.26,1.26,0.93,2.19,1.2,2.12,/en/squads/b3072e00/2020-2021/Rennes-Stats
40,25.4,48.3,38,418,3420,38,40,28,68,34,6,9,76,2,48.7,41.8,31.6,73.4,616,1229,1.05,0.74,1.79,0.89,1.63,1.28,0.83,2.11,1.1,1.93,/en/squads/d298ef2c/2020-2021/Saint-Etienne-Stats
26,26.8,45.7,38,418,3420,38,49,26,75,39,10,12,58,3,52.8,43.4,32.1,75.5,538,1301,1.29,0.68,1.97,1.03,1.71,1.39,0.84,2.23,1.14,1.99,/en/squads/c0d3eab4/2020-2021/Strasbourg-Stats
30,27.4,48.4,38,418,3420,38,41,25,66,32,9,9,70,4,46.5,39.5,28.4,67.9,659,1349,1.08,0.66,1.74,0.84,1.5,1.22,0.75,1.97,1.04,1.79,/en/squads/69236f98/2021-2022/Angers-Stats
39,25.7,47.4,38,418,3420,38,50,39,89,48,2,4,91,5,44.9,41.9,33.9,75.8,609,1271,1.32,1.03,2.34,1.26,2.29,1.18,0.89,2.07,1.1,2.0,/en/squads/123f3efe/2021-2022/Bordeaux-Stats
25,25.4,43.9,38,418,3420,38,48,32,80,41,7,8,59,2,43.4,37.0,28.7,65.7,666,1349,1.26,0.84,2.11,1.08,1.92,1.14,0.76,1.9,0.97,1.73,/en/squads/fb08dbb3/2021-2022/Brest-Stats
28,26.9,50.0,38,418,3420,38,36,25,61,34,2,3,65,8,44.4,41.9,32.6,74.4,617,1370,0.95,0.66,1.61,0.89,1.55,1.17,0.86,2.03,1.1,1.96,/en/squads/d9676424/2021-2022/Clermont-Foot-Stats
28,26.1,50.7,38,418,3420,38,60,39,99,55,5,5,73,7,50.2,46.4,34.9,81.3,763,1692,1.58,1.03,2.61,1.45,2.47,1.32,0.92,2.24,1.22,2.14,/en/squads/fd4e0f7d/2021-2022/Lens-Stats
26,26.1,50.8,38,418,3420,38,45,29,74,41,4,5,98,6,50.5,46.6,33.7,80.4,725,1487,1.18,0.76,1.95,1.08,1.84,1.33,0.89,2.22,1.23,2.11,/en/squads/cb188c0c/2021-2022/Lille-Stats
29,26.2,44.4,38,418,3420,38,35,20,55,32,3,3,69,4,41.3,39.0,29.7,68.7,569,1258,0.92,0.53,1.45,0.84,1.37,1.09,0.78,1.87,1.03,1.81,/en/squads/d2c87802/2021-2022/Lorient-Stats
30,25.6,58.4,38,418,3420,38,64,45,109,56,8,8,65,6,66.9,60.7,48.3,109.0,781,1756,1.68,1.18,2.87,1.47,2.66,1.76,1.27,3.03,1.6,2.87,/en/squads/d53c0b06/2021-2022/Lyon-Stats
27,25.0,61.7,38,418,3420,38,61,40,101,51,10,10,61,3,58.2,50.5,41.1,91.6,762,1866,1.61,1.05,2.66,1.34,2.39,1.53,1.08,2.61,1.33,2.41,/en/squads/5725cc7b/2021-2022/Marseille-Stats
36,25.9,42.9,38,418,3420,38,33,24,57,32,1,1,94,9,29.2,28.4,21.5,49.9,572,1015,0.87,0.63,1.5,0.84,1.47,0.77,0.57,1.33,0.75,1.31,/en/squads/f83960ae/2021-2022/Metz-Stats
27,24.4,54.1,38,418,3420,38,62,45,107,53,9,9,85,4,59.3,52.3,44.1,96.3,750,1871,1.63,1.18,2.82,1.39,2.58,1.56,1.16,2.72,1.38,2.54,/en/squads/fd6114db/2021-2022/Monaco-Stats
26,25.8,48.2,38,418,3420,38,48,31,79,45,3,4,77,8,42.7,39.6,28.6,68.2,604,1282,1.26,0.82,2.08,1.18,2.0,1.12,0.75,1.88,1.04,1.79,/en/squads/281b0e73/2021-2022/Montpellier-Stats
26,26.1,43.9,38,418,3420,38,53,37,90,48,5,5,80,4,45.5,41.6,34.7,76.3,607,1330,1.39,0.97,2.37,1.26,2.24,1.2,0.91,2.11,1.1,2.01,/en/squads/d7a486cd/2021-2022/Nantes-Stats
27,25.0,51.5,38,418,3420,38,52,35,87,44,8,10,77,6,55.6,48.0,39.0,86.9,732,1474,1.37,0.92,2.29,1.16,2.08,1.46,1.03,2.49,1.26,2.29,/en/squads/132ebc33/2021-2022/Nice-Stats
36,27.8,63.0,38,418,3420,38,88,65,153,81,7,8,79,4,76.7,70.6,55.9,126.6,877,2055,2.32,1.71,4.03,2.13,3.84,2.02,1.47,3.49,1.86,3.33,/en/squads/e2d8892c/2021-2022/Paris-Saint-Germain-Stats
35,24.0,42.2,38,418,3420,38,42,27,69,38,4,6,68,7,37.7,32.8,26.0,58.8,614,1185,1.11,0.71,1.82,1.0,1.71,0.99,0.68,1.68,0.86,1.55,/en/squads/7fdd64e0/2021-2022/Reims-Stats
28,25.3,55.9,38,418,3420,38,81,61,142,77,4,4,56,2,62.8,59.6,47.1,106.7,676,1737,2.13,1.61,3.74,2.03,3.63,1.65,1.24,2.89,1.57,2.81,/en/squads/b3072e00/2021-2022/Rennes-Stats
39,25.1,48.5,38,418,3420,38,41,25,66,36,5,5,81,5,38.3,34.5,26.2,60.7,685,1400,1.08,0.66,1.74,0.95,1.61,1.01,0.69,1.7,0.91,1.6,/en/squads/d298ef2c/2021-2022/Saint-Etienne-Stats
26,27.0,49.5,38,418,3420,38,56,40,96,50,6,8,72,3,55.6,49.4,39.6,89.0,573,1589,1.47,1.05,2.53,1.32,2.37,1.46,1.04,2.51,1.3,2.34,/en/squads/c0d3eab4/2021-2022/Strasbourg-Stats
35,27.1,44.4,38,418,3420,38,35,23,58,29,6,7,75,6,39.2,33.8,27.0,60.8,598,1216,0.92,0.61,1.53,0.76,1.37,1.03,0.71,1.74,0.89,1.6,/en/squads/54195385/2021-2022/Troyes-Stats
28,26.2,38.6,34,374,3060,34,45,29,74,42,3,5,68,2,43.1,39.1,29.7,68.8,411,815,1.32,0.85,2.18,1.24,2.09,1.27,0.87,2.14,1.15,2.02,/en/squads/0cdc4311/2019-2020/Augsburg-Stats
29,26.7,65.1,34,374,3060,34,97,75,172,91,6,6,54,3,89.5,84.8,73.1,157.9,930,2300,2.85,2.21,5.06,2.68,4.88,2.63,2.15,4.78,2.49,4.64,/en/squads/054efa67/2019-2020/Bayern-Munich-Stats
27,25.8,60.4,34,374,3060,34,84,74,158,82,2,2,49,1,61.0,59.5,50.6,110.1,792,1736,2.47,2.18,4.65,2.41,4.59,1.8,1.49,3.28,1.75,3.24,/en/squads/add600ae/2019-2020/Dortmund-Stats
28,27.1,45.6,34,374,3060,34,36,26,62,32,4,4,78,0,35.9,32.7,24.2,56.9,487,1268,1.06,0.76,1.82,0.94,1.71,1.06,0.71,1.77,0.96,1.67,/en/squads/b1278397/2019-2020/Dusseldorf-Stats
27,27.0,50.9,34,374,3060,34,57,45,102,55,2,2,71,4,59.5,58.0,44.8,102.8,677,1389,1.68,1.32,3.0,1.62,2.94,1.75,1.32,3.07,1.71,3.02,/en/squads/f0ac8ee6/2019-2020/Eintracht-Frankfurt-Stats
26,26.4,48.1,34,374,3060,34,46,27,73,41,5,6,43,2,46.7,42.0,33.0,75.0,537,1128,1.35,0.79,2.15,1.21,2.0,1.37,0.97,2.34,1.24,2.21,/en/squads/a486e511/2019-2020/Freiburg-Stats
25,26.3,52.4,34,374,3060,34,64,53,117,60,4,6,77,3,72.0,67.2,53.6,120.8,650,1305,1.88,1.56,3.44,1.76,3.32,2.12,1.58,3.69,1.98,3.55,/en/squads/32f3ee20/2019-2020/Monchengladbach-Stats
32,26.2,44.7,34,374,3060,34,45,35,80,42,3,3,78,4,43.1,40.7,32.7,73.4,546,1073,1.32,1.03,2.35,1.24,2.26,1.27,0.96,2.23,1.2,2.16,/en/squads/2818f8bc/2019-2020/Hertha-BSC-Stats
31,26.0,51.6,34,374,3060,34,52,36,88,49,3,4,66,2,56.1,53.0,40.2,93.2,598,1261,1.53,1.06,2.59,1.44,2.5,1.65,1.18,2.83,1.56,2.74,/en/squads/033ea6b8/2019-2020/Hoffenheim-Stats
29,25.6,46.7,34,374,3060,34,50,38,88,48,2,4,79,4,48.9,46.3,35.6,81.9,494,1158,1.47,1.12,2.59,1.41,2.53,1.44,1.05,2.49,1.36,2.41,/en/squads/bc357bf7/2019-2020/Koln-Stats
24,26.1,63.2,34,374,3060,34,57,48,105,55,2,2,61,6,59.1,57.5,48.6,106.1,761,1471,1.68,1.41,3.09,1.62,3.03,1.74,1.43,3.17,1.69,3.12,/en/squads/c7a9f859/2019-2020/Bayer-Leverkusen-Stats
25,24.6,43.2,34,374,3060,34,42,34,76,39,3,3,75,3,48.2,45.8,37.4,83.2,524,1146,1.24,1.0,2.24,1.15,2.15,1.42,1.1,2.52,1.35,2.45,/en/squads/a224b06a/2019-2020/Mainz-05-Stats
27,25.7,45.9,34,374,3060,34,37,26,63,35,2,4,84,3,39.2,36.1,26.8,62.9,682,1009,1.09,0.76,1.85,1.03,1.79,1.15,0.79,1.94,1.06,1.85,/en/squads/d9f93f02/2019-2020/Paderborn-07-Stats
29,24.2,55.3,34,374,3060,34,81,58,139,76,5,5,53,3,71.3,67.6,54.4,122.0,759,1700,2.38,1.71,4.09,2.24,3.94,2.1,1.6,3.7,1.99,3.59,/en/squads/acbb6a5b/2019-2020/RB-Leipzig-Stats
29,24.6,49.0,34,374,3060,34,35,25,60,33,2,2,64,2,37.8,36.2,25.5,61.7,603,1201,1.03,0.74,1.76,0.97,1.71,1.11,0.75,1.86,1.07,1.82,/en/squads/c539e393/2019-2020/Schalke-04-Stats
26,27.7,41.9,34,374,3060,34,38,27,65,34,4,5,71,5,41.4,37.6,28.0,65.7,387,944,1.12,0.79,1.91,1.0,1.79,1.22,0.82,2.04,1.11,1.93,/en/squads/7a41008f/2019-2020/Union-Berlin-Stats
30,26.7,48.8,34,374,3060,34,40,30,70,37,3,6,80,4,39.4,34.7,25.8,60.5,509,1309,1.18,0.88,2.06,1.09,1.97,1.16,0.76,1.92,1.02,1.78,/en/squads/62add3bf/2019-2020/Werder-Bremen-Stats
26,26.0,48.4,34,374,3060,34,48,33,81,44,4,4,71,4,52.8,49.7,37.9,87.6,620,1247,1.41,0.97,2.38,1.29,2.26,1.55,1.11,2.67,1.46,2.58,/en/squads/4eaa11d7/2019-2020/Wolfsburg-Stats
26,26.0,42.3,34,374,3060,34,23,16,39,22,1,2,52,1,32.9,31.3,23.9,55.2,358,880,0.68,0.47,1.15,0.65,1.12,0.97,0.7,1.67,0.92,1.62,/en/squads/247c4b67/2020-2021/Arminia-Stats
25,27.0,41.4,34,374,3060,34,35,23,58,33,2,5,71,4,37.3,33.4,25.9,59.3,431,987,1.03,0.68,1.71,0.97,1.65,1.1,0.76,1.86,0.98,1.74,/en/squads/0cdc4311/2020-2021/Augsburg-Stats
29,27.3,60.7,34,374,3060,34,98,75,173,89,9,10,44,3,75.9,68.1,55.2,123.3,829,2084,2.88,2.21,5.09,2.62,4.82,2.23,1.62,3.86,2.0,3.63,/en/squads/054efa67/2020-2021/Bayern-Munich-Stats
26,25.6,59.6,34,374,3060,34,74,57,131,71,3,7,44,1,66.2,60.4,51.2,111.5,763,1745,2.18,1.68,3.85,2.09,3.76,1.95,1.5,3.45,1.78,3.28,/en/squads/add600ae/2020-2021/Dortmund-Stats
25,27.2,53.7,34,374,3060,34,63,52,115,55,8,8,82,1,58.5,52.2,44.0,96.2,664,1548,1.85,1.53,3.38,1.62,3.15,1.72,1.29,3.01,1.54,2.83,/en/squads/f0ac8ee6/2020-2021/Eintracht-Frankfurt-Stats
24,26.2,47.3,34,374,3060,34,51,34,85,45,6,6,62,0,45.5,40.9,29.5,70.4,463,1170,1.5,1.0,2.5,1.32,2.32,1.34,0.87,2.21,1.2,2.07,/en/squads/a486e511/2020-2021/Freiburg-Stats
23,26.9,51.7,34,374,3060,34,63,44,107,53,10,11,61,2,54.9,46.5,37.1,83.6,613,1371,1.85,1.29,3.15,1.56,2.85,1.62,1.09,2.71,1.37,2.46,/en/squads/32f3ee20/2020-2021/Monchengladbach-Stats
32,25.4,49.6,34,374,3060,34,40,29,69,36,4,6,67,3,41.9,37.2,29.1,66.2,589,1176,1.18,0.85,2.03,1.06,1.91,1.23,0.86,2.09,1.09,1.95,/en/squads/2818f8bc/2020-2021/Hertha-BSC-Stats
30,25.7,51.2,34,374,3060,34,51,38,89,46,5,6,68,4,51.9,47.3,37.4,84.6,581,1517,1.5,1.12,2.62,1.35,2.47,1.53,1.1,2.62,1.39,2.49,/en/squads/033ea6b8/2020-2021/Hoffenheim-Stats
28,24.9,46.3,34,374,3060,34,33,23,56,29,4,6,63,1,40.5,35.9,25.5,61.5,429,1131,0.97,0.68,1.65,0.85,1.53,1.19,0.75,1.94,1.06,1.81,/en/squads/bc357bf7/2020-2021/Koln-Stats
30,25.4,59.7,34,374,3060,34,52,41,93,49,3,3,58,0,46.3,44.0,34.7,78.7,724,1522,1.53,1.21,2.74,1.44,2.65,1.36,1.02,2.38,1.29,2.32,/en/squads/c7a9f859/2020-2021/Bayer-Leverkusen-Stats
31,25.8,40.7,34,374,3060,34,39,23,62,34,5,5,63,1,49.9,46.0,34.9,80.9,442,1046,1.15,0.68,1.82,1.0,1.68,1.47,1.03,2.49,1.35,2.38,/en/squads/a224b06a/2020-2021/Mainz-05-Stats
25,25.0,59.7,34,374,3060,34,59,44,103,51,8,10,57,0,64.4,56.7,43.7,100.4,624,1719,1.74,1.29,3.03,1.5,2.79,1.89,1.28,3.18,1.67,2.95,/en/squads/acbb6a5b/2020-2021/RB-Leipzig-Stats
42,25.9,44.7,34,374,3060,34,24,20,44,24,0,3,74,2,28.7,26.3,20.6,46.9,452,943,0.71,0.59,1.29,0.71,1.29,0.84,0.61,1.45,0.77,1.38,/en/squads/c539e393/2020-2021/Schalke-04-Stats
29,24.1,51.5,34,374,3060,34,54,42,96,48,6,8,65,2,51.4,45.1,37.1,82.2,701,1467,1.59,1.24,2.82,1.41,2.65,1.51,1.09,2.6,1.33,2.42,/en/squads/598bc722/2020-2021/Stuttgart-Stats
27,27.3,44.9,34,374,3060,34,50,39,89,45,5,7,57,2,46.9,41.3,33.4,74.7,464,1059,1.47,1.15,2.62,1.32,2.47,1.38,0.98,2.36,1.22,2.2,/en/squads/7a41008f/2020-2021/Union-Berlin-Stats
27,26.3,43.9,34,374,3060,34,35,25,60,30,5,5,67,3,32.9,29.0,21.5,50.5,414,1065,1.03,0.74,1.76,0.88,1.62,0.97,0.63,1.6,0.85,1.49,/en/squads/62add3bf/2020-2021/Werder-Bremen-Stats
26,25.6,51.1,34,374,3060,34,57,48,105,55,2,3,58,3,49.0,46.9,37.7,84.5,595,1397,1.68,1.41,3.09,1.62,3.03,1.44,1.11,2.55,1.38,2.49,/en/squads/4eaa11d7/2020-2021/Wolfsburg-Stats
26,25.8,40.7,34,374,3060,34,26,18,44,24,2,2,55,2,26.3,24.7,17.2,41.9,405,887,0.76,0.53,1.29,0.71,1.24,0.77,0.51,1.28,0.73,1.23,/en/squads/247c4b67/2021-2022/Arminia-Stats
26,26.6,41.5,34,374,3060,34,39,26,65,34,5,5,74,0,36.7,32.8,23.9,56.7,441,895,1.15,0.76,1.91,1.0,1.76,1.08,0.7,1.78,0.96,1.67,/en/squads/0cdc4311/2021-2022/Augsburg-Stats
30,26.8,64.5,34,374,3060,34,92,70,162,87,5,5,36,2,89.0,85.1,66.7,151.8,833,2164,2.71,2.06,4.76,2.56,4.62,2.62,1.96,4.58,2.5,4.46,/en/squads/054efa67/2021-2022/Bayern-Munich-Stats
28,28.0,44.7,34,374,3060,34,37,22,59,33,4,6,55,2,40.6,35.9,26.7,62.6,467,926,1.09,0.65,1.74,0.97,1.62,1.19,0.78,1.98,1.06,1.84,/en/squads/b42c6323/2021-2022/Bochum-Stats
33,25.9,59.2,34,374,3060,34,81,57,138,70,11,11,63,1,64.0,55.9,45.0,100.8,670,1468,2.38,1.68,4.06,2.06,3.74,1.88,1.32,3.21,1.64,2.97,/en/squads/add600ae/2021-2022/Dortmund-Stats
27,26.2,49.6,34,374,3060,34,43,33,76,42,1,2,61,1,41.6,40.1,32.0,72.1,609,1255,1.26,0.97,2.24,1.24,2.21,1.22,0.94,2.16,1.18,2.12,/en/squads/f0ac8ee6/2021-2022/Eintracht-Frankfurt-Stats
26,26.5,49.0,34,374,3060,34,55,37,92,50,5,6,34,0,50.4,45.7,34.5,80.2,401,1229,1.62,1.09,2.71,1.47,2.56,1.48,1.01,2.5,1.35,2.36,/en/squads/a486e511/2021-2022/Freiburg-Stats
26,26.0,54.0,34,374,3060,34,54,38,92,49,5,7,67,1,56.2,50.6,37.8,88.4,527,1291,1.59,1.12,2.71,1.44,2.56,1.65,1.11,2.76,1.49,2.6,/en/squads/32f3ee20/2021-2022/Monchengladbach-Stats
29,25.9,43.6,34,374,3060,34,26,15,41,21,5,5,61,0,30.0,26.2,18.8,44.9,413,976,0.76,0.44,1.21,0.62,1.06,0.88,0.55,1.43,0.77,1.32,/en/squads/12192a4c/2021-2022/Greuther-Furth-Stats
36,26.7,43.7,34,374,3060,34,35,23,58,32,3,3,62,2,33.3,30.9,25.0,55.9,462,975,1.03,0.68,1.71,0.94,1.62,0.98,0.73,1.71,0.91,1.64,/en/squads/2818f8bc/2021-2022/Hertha-BSC-Stats
32,26.1,53.2,34,374,3060,34,55,42,97,55,0,0,75,0,58.3,58.3,46.8,105.1,588,1474,1.62,1.24,2.85,1.62,2.85,1.71,1.38,3.09,1.71,3.09,/en/squads/033ea6b8/2021-2022/Hoffenheim-Stats
26,27.0,54.8,34,374,3060,34,52,40,92,51,1,1,68,1,50.1,49.3,38.6,87.9,550,1406,1.53,1.18,2.71,1.5,2.68,1.47,1.14,2.61,1.45,2.59,/en/squads/bc357bf7/2021-2022/Koln-Stats
29,24.4,53.7,34,374,3060,34,76,58,134,74,2,6,66,2,62.6,57.8,46.2,104.0,709,1341,2.24,1.71,3.94,2.18,3.88,1.84,1.36,3.2,1.7,3.06,/en/squads/c7a9f859/2021-2022/Bayer-Leverkusen-Stats
28,26.2,46.5,34,374,3060,34,49,36,85,45,4,4,62,4,50.4,47.2,36.4,83.6,445,1178,1.44,1.06,2.5,1.32,2.38,1.48,1.07,2.55,1.39,2.46,/en/squads/a224b06a/2021-2022/Mainz-05-Stats
29,25.3,56.1,34,374,3060,34,72,53,125,64,8,9,49,0,64.5,58.4,49.2,107.6,542,1467,2.12,1.56,3.68,1.88,3.44,1.9,1.45,3.34,1.72,3.16,/en/squads/acbb6a5b/2021-2022/RB-Leipzig-Stats
34,24.0,50.7,34,374,3060,34,40,31,71,39,1,3,64,2,43.7,41.4,33.1,74.5,571,1269,1.18,0.91,2.09,1.15,2.06,1.29,0.97,2.26,1.22,2.19,/en/squads/598bc722/2021-2022/Stuttgart-Stats
28,28.3,43.7,34,374,3060,34,50,33,83,45,5,5,62,1,47.0,43.3,31.5,74.8,429,1123,1.47,0.97,2.44,1.32,2.29,1.38,0.93,2.31,1.27,2.2,/en/squads/7a41008f/2021-2022/Union-Berlin-Stats
30,26.0,50.5,34,374,3060,34,42,25,67,39,3,4,61,3,47.7,44.9,33.8,78.7,502,1220,1.24,0.74,1.97,1.15,1.88,1.4,1.0,2.4,1.32,2.31,/en/squads/4eaa11d7/2021-2022/Wolfsburg-Stats
30,27.2,57.2,38,418,3420,38,96,68,164,89,7,10,80,2,83.5,75.6,58.9,134.5,978,1867,2.53,1.79,4.32,2.34,4.13,2.2,1.55,3.75,1.99,3.54,/en/squads/922493f3/2019-2020/Atalanta-Stats
31,27.2,52.6,38,418,3420,38,48,31,79,43,5,6,109,7,56.9,52.2,41.3,93.5,799,1672,1.26,0.82,2.08,1.13,1.95,1.5,1.09,2.58,1.37,2.46,/en/squads/1d8099f8/2019-2020/Bologna-Stats
32,25.6,40.6,38,418,3420,38,34,22,56,30,4,4,95,6,43.4,40.2,28.8,69.0,537,1241,0.89,0.58,1.47,0.79,1.37,1.14,0.76,1.9,1.06,1.82,/en/squads/4ef57aeb/2019-2020/Brescia-Stats
33,27.4,45.7,38,418,3420,38,50,34,84,46,4,6,108,6,41.8,37.1,32.0,69.0,662,1288,1.32,0.89,2.21,1.21,2.11,1.1,0.84,1.94,0.98,1.82,/en/squads/c4260e09/2019-2020/Cagliari-Stats
33,25.1,47.4,38,418,3420,38,48,30,78,39,9,11,105,5,53.6,45.4,34.5,79.8,857,1446,1.26,0.79,2.05,1.03,1.82,1.41,0.91,2.32,1.19,2.1,/en/squads/421387cf/2019-2020/Fiorentina-Stats
34,26.8,49.5,38,418,3420,38,46,28,74,35,11,16,107,10,48.7,36.2,27.6,63.7,583,1280,1.21,0.74,1.95,0.92,1.66,1.28,0.73,2.01,0.95,1.68,/en/squads/658bf2de/2019-2020/Genoa-Stats
30,26.1,49.8,38,418,3420,38,45,27,72,37,8,9,87,7,50.5,43.6,34.5,78.1,728,1575,1.18,0.71,1.89,0.97,1.68,1.33,0.91,2.24,1.15,2.06,/en/squads/0e72edf2/2019-2020/Hellas-Verona-Stats
29,27.7,54.2,38,418,3420,38,80,57,137,70,10,11,104,6,69.4,60.8,44.0,104.7,797,1820,2.11,1.5,3.61,1.84,3.34,1.83,1.16,2.98,1.6,2.76,/en/squads/d609edc0/2019-2020/Internazionale-Stats
30,28.6,58.1,38,418,3420,38,73,47,120,60,13,14,87,3,71.1,60.1,45.5,105.6,879,1746,1.92,1.24,3.16,1.58,2.82,1.87,1.2,3.07,1.58,2.78,/en/squads/e0652b02/2019-2020/Juventus-Stats
27,27.9,50.4,38,418,3420,38,77,45,122,62,15,18,99,2,68.0,53.9,42.5,96.4,935,1668,2.03,1.18,3.21,1.63,2.82,1.79,1.12,2.91,1.42,2.54,/en/squads/7213da33/2019-2020/Lazio-Stats
30,28.7,44.8,38,418,3420,38,52,30,82,41,11,15,98,5,54.7,43.5,32.6,76.1,752,1356,1.37,0.79,2.16,1.08,1.87,1.44,0.86,2.3,1.15,2.0,/en/squads/ffcbe334/2019-2020/Lecce-Stats
32,24.6,54.9,38,418,3420,38,60,38,98,52,8,9,97,6,62.8,56.0,46.0,101.9,816,1717,1.58,1.0,2.58,1.37,2.37,1.65,1.21,2.86,1.47,2.68,/en/squads/dc56fe14/2019-2020/Milan-Stats
25,26.9,59.2,38,418,3420,38,60,45,105,55,5,5,73,2,61.7,57.8,46.8,104.6,979,2024,1.58,1.18,2.76,1.45,2.63,1.62,1.23,2.85,1.52,2.75,/en/squads/d48ad4ff/2019-2020/Napoli-Stats
25,28.8,43.8,38,418,3420,38,53,38,91,49,4,6,81,1,48.4,43.7,33.9,77.6,673,1227,1.39,1.0,2.39,1.29,2.29,1.27,0.89,2.17,1.15,2.04,/en/squads/eab4234c/2019-2020/Parma-Stats
31,26.9,52.7,38,418,3420,38,73,47,120,61,12,14,111,7,73.2,62.8,48.6,111.3,944,1651,1.92,1.24,3.16,1.61,2.84,1.93,1.28,3.21,1.65,2.93,/en/squads/cf74a709/2019-2020/Roma-Stats
34,27.5,46.9,38,418,3420,38,27,17,44,22,5,7,98,4,40.7,35.2,26.5,61.7,696,1236,0.71,0.45,1.16,0.58,1.03,1.07,0.7,1.77,0.93,1.62,/en/squads/1d2fe027/2019-2020/SPAL-Stats
31,26.0,42.7,38,418,3420,38,48,25,73,39,9,12,111,7,50.2,40.8,30.8,71.6,613,1369,1.26,0.66,1.92,1.03,1.68,1.32,0.81,2.13,1.07,1.89,/en/squads/8ff9e3b3/2019-2020/Sampdoria-Stats
31,26.4,57.5,38,418,3420,38,69,49,118,64,5,6,99,3,52.9,48.2,39.2,87.4,902,1590,1.82,1.29,3.11,1.68,2.97,1.39,1.03,2.42,1.27,2.3,/en/squads/e2befd26/2019-2020/Sassuolo-Stats
27,27.3,47.4,38,418,3420,38,44,29,73,37,7,8,96,7,44.8,39.4,30.3,69.6,843,1220,1.16,0.76,1.92,0.97,1.74,1.18,0.8,1.98,1.04,1.83,/en/squads/105360fe/2019-2020/Torino-Stats
25,26.5,44.7,38,418,3420,38,37,26,63,37,0,0,77,3,41.6,41.6,33.5,75.2,709,1274,0.97,0.68,1.66,0.97,1.66,1.1,0.88,1.98,1.1,1.98,/en/squads/04eea015/2019-2020/Udinese-Stats
30,27.3,54.6,38,418,3420,38,90,65,155,84,6,7,67,3,74.7,69.3,55.5,124.7,874,2077,2.37,1.71,4.08,2.21,3.92,1.97,1.46,3.43,1.82,3.28,/en/squads/922493f3/2020-2021/Atalanta-Stats
29,28.7,42.6,38,418,3420,38,40,26,66,35,5,7,95,5,40.6,35.0,27.6,62.6,512,1096,1.05,0.68,1.74,0.92,1.61,1.07,0.73,1.79,0.92,1.65,/en/squads/4fcb34fd/2020-2021/Benevento-Stats
37,27.2,50.8,38,418,3420,38,49,38,87,46,3,4,82,4,54.6,51.1,39.0,90.1,706,1516,1.29,1.0,2.29,1.21,2.21,1.44,1.03,2.47,1.34,2.37,/en/squads/1d8099f8/2020-2021/Bologna-Stats
32,26.5,44.8,38,418,3420,38,43,30,73,39,4,5,77,3,47.1,43.4,34.0,77.5,589,1228,1.13,0.79,1.92,1.03,1.82,1.24,0.9,2.14,1.14,2.04,/en/squads/c4260e09/2020-2021/Cagliari-Stats
31,27.8,46.3,38,418,3420,38,44,27,71,35,9,9,89,4,40.4,33.4,23.9,57.2,582,1217,1.16,0.71,1.87,0.92,1.63,1.06,0.63,1.69,0.88,1.51,/en/squads/3074d7b1/2020-2021/Crotone-Stats
30,26.6,46.3,38,418,3420,38,44,31,75,38,6,6,86,5,44.9,40.2,31.6,71.8,637,1353,1.16,0.82,1.97,1.0,1.82,1.18,0.83,2.01,1.06,1.89,/en/squads/421387cf/2020-2021/Fiorentina-Stats
34,28.3,44.8,38,418,3420,38,46,32,78,42,4,4,87,2,38.8,35.6,26.4,62.0,523,1165,1.21,0.84,2.05,1.11,1.95,1.02,0.69,1.72,0.94,1.63,/en/squads/658bf2de/2020-2021/Genoa-Stats
32,26.2,49.8,38,418,3420,38,38,30,68,35,3,3,91,1,45.3,43.0,33.5,76.5,599,1490,1.0,0.79,1.79,0.92,1.71,1.19,0.88,2.08,1.13,2.01,/en/squads/0e72edf2/2020-2021/Hellas-Verona-Stats
25,27.7,52.5,38,418,3420,38,84,62,146,76,8,9,61,2,74.2,67.2,52.5,119.8,766,1707,2.21,1.63,3.84,2.0,3.63,1.95,1.38,3.34,1.77,3.15,/en/squads/d609edc0/2020-2021/Internazionale-Stats
30,27.7,56.9,38,418,3420,38,76,59,135,68,8,10,80,6,74.4,67.0,55.1,122.1,949,1768,2.0,1.55,3.55,1.79,3.34,1.96,1.45,3.41,1.76,3.21,/en/squads/e0652b02/2020-2021/Juventus-Stats
30,29.4,53.0,38,418,3420,38,59,40,99,53,6,10,107,5,58.2,50.7,39.6,90.2,785,1688,1.55,1.05,2.61,1.39,2.45,1.53,1.04,2.57,1.33,2.37,/en/squads/7213da33/2020-2021/Lazio-Stats
29,24.4,51.7,38,418,3420,38,72,47,119,57,15,20,83,4,70.7,56.0,43.9,99.8,784,1483,1.89,1.24,3.13,1.5,2.74,1.86,1.15,3.02,1.47,2.63,/en/squads/dc56fe14/2020-2021/Milan-Stats
25,27.1,55.1,38,418,3420,38,83,56,139,76,7,8,76,3,67.7,61.4,46.9,108.3,884,1703,2.18,1.47,3.66,2.0,3.47,1.78,1.23,3.02,1.62,2.85,/en/squads/d48ad4ff/2020-2021/Napoli-Stats
42,28.0,47.8,38,418,3420,38,39,26,65,34,5,5,91,1,42.5,38.6,30.5,69.0,607,1319,1.03,0.68,1.71,0.89,1.58,1.12,0.8,1.92,1.01,1.82,/en/squads/eab4234c/2020-2021/Parma-Stats
31,26.7,52.2,38,418,3420,38,67,51,118,60,7,8,91,3,65.3,59.0,48.2,107.2,863,1583,1.76,1.34,3.11,1.58,2.92,1.72,1.27,2.98,1.55,2.82,/en/squads/cf74a709/2020-2021/Roma-Stats
27,27.9,45.2,38,418,3420,38,52,37,89,47,5,6,83,3,45.4,41.1,31.9,73.0,588,1370,1.37,0.97,2.34,1.24,2.21,1.2,0.84,2.04,1.08,1.92,/en/squads/8ff9e3b3/2020-2021/Sampdoria-Stats
28,26.5,60.3,38,418,3420,38,61,36,97,48,13,14,79,4,58.4,47.7,34.0,81.8,770,1746,1.61,0.95,2.55,1.26,2.21,1.54,0.9,2.43,1.26,2.15,/en/squads/e2befd26/2020-2021/Sassuolo-Stats
35,25.2,51.9,38,418,3420,38,52,37,89,48,4,5,100,5,46.6,42.7,31.1,73.8,627,1388,1.37,0.97,2.34,1.26,2.24,1.23,0.82,2.05,1.12,1.94,/en/squads/68449f6d/2020-2021/Spezia-Stats
29,26.9,47.3,38,418,3420,38,49,28,77,44,5,6,78,4,50.0,45.3,32.2,77.5,617,1138,1.29,0.74,2.03,1.16,1.89,1.32,0.85,2.16,1.19,2.04,/en/squads/105360fe/2020-2021/Torino-Stats
33,27.2,46.3,38,418,3420,38,40,30,70,36,4,4,65,2,45.7,42.9,30.0,72.9,672,1405,1.05,0.79,1.84,0.95,1.74,1.2,0.79,1.99,1.13,1.92,/en/squads/04eea015/2020-2021/Udinese-Stats
32,27.5,55.0,38,418,3420,38,62,48,110,57,5,6,87,2,62.4,58.1,48.5,106.6,796,1858,1.63,1.26,2.89,1.5,2.76,1.64,1.28,2.92,1.53,2.81,/en/squads/922493f3/2021-2022/Atalanta-Stats
36,26.6,50.6,38,418,3420,38,43,34,77,39,4,5,92,7,44.9,41.0,33.6,74.6,540,1276,1.13,0.89,2.03,1.03,1.92,1.18,0.88,2.06,1.08,1.96,/en/squads/1d8099f8/2021-2022/Bologna-Stats
33,26.5,44.5,38,418,3420,38,34,26,60,31,3,4,96,5,39.0,36.4,29.6,66.0,474,1088,0.89,0.68,1.58,0.82,1.5,1.03,0.78,1.81,0.96,1.74,/en/squads/c4260e09/2021-2022/Cagliari-Stats
28,24.5,47.4,38,418,3420,38,47,27,74,40,7,7,87,5,44.9,39.3,28.9,68.3,658,1477,1.24,0.71,1.95,1.05,1.76,1.18,0.76,1.94,1.04,1.8,/en/squads/a3d88bd8/2021-2022/Empoli-Stats
28,26.4,57.7,38,418,3420,38,59,33,92,50,9,12,89,8,60.0,50.8,39.2,90.1,755,1584,1.55,0.87,2.42,1.32,2.18,1.58,1.03,2.61,1.34,2.37,/en/squads/421387cf/2021-2022/Fiorentina-Stats
40,27.0,43.9,38,418,3420,38,26,19,45,20,6,7,92,3,37.2,31.8,26.3,58.1,517,1101,0.68,0.5,1.18,0.53,1.03,0.98,0.69,1.67,0.84,1.53,/en/squads/658bf2de/2021-2022/Genoa-Stats
31,26.8,50.6,38,418,3420,38,63,44,107,56,7,8,100,7,50.4,44.2,34.1,78.4,677,1587,1.66,1.16,2.82,1.47,2.63,1.33,0.9,2.23,1.16,2.06,/en/squads/0e72edf2/2021-2022/Hellas-Verona-Stats
27,28.9,56.5,38,418,3420,38,83,57,140,76,7,11,71,0,81.6,73.6,57.3,130.9,782,1778,2.18,1.5,3.68,2.0,3.5,2.15,1.51,3.66,1.94,3.45,/en/squads/d609edc0/2021-2022/Internazionale-Stats
32,27.4,51.5,38,418,3420,38,56,37,93,51,5,6,77,2,51.4,46.7,36.3,83.0,701,1464,1.47,0.97,2.45,1.34,2.32,1.35,0.96,2.31,1.23,2.18,/en/squads/e0652b02/2021-2022/Juventus-Stats
27,29.0,55.4,38,418,3420,38,74,48,122,67,7,9,88,5,55.3,48.2,38.8,87.0,788,1527,1.95,1.26,3.21,1.76,3.03,1.46,1.02,2.48,1.27,2.29,/en/squads/7213da33/2021-2022/Lazio-Stats
28,25.6,54.0,38,418,3420,38,66,39,105,61,5,8,76,3,59.7,54.1,42.8,96.9,806,1486,1.74,1.03,2.76,1.61,2.63,1.57,1.13,2.7,1.42,2.55,/en/squads/dc56fe14/2021-2022/Milan-Stats
27,27.9,58.3,38,418,3420,38,74,46,120,64,10,14,63,2,57.8,46.6,37.1,83.7,827,1665,1.95,1.21,3.16,1.68,2.89,1.52,0.98,2.5,1.23,2.2,/en/squads/d48ad4ff/2021-2022/Napoli-Stats
29,26.4,51.4,38,418,3420,38,58,31,89,51,7,9,111,8,65.1,58.1,46.3,104.4,733,1587,1.53,0.82,2.34,1.34,2.16,1.71,1.22,2.93,1.53,2.75,/en/squads/cf74a709/2021-2022/Roma-Stats
42,27.7,41.2,38,418,3420,38,32,19,51,28,4,5,94,5,36.5,32.9,24.8,57.7,528,1031,0.84,0.5,1.34,0.74,1.24,0.96,0.65,1.61,0.87,1.52,/en/squads/c5577084/2021-2022/Salernitana-Stats
34,29.0,46.1,38,418,3420,38,42,29,71,40,2,4,94,4,36.7,33.4,26.2,59.6,467,1187,1.11,0.76,1.87,1.05,1.82,0.97,0.69,1.66,0.88,1.57,/en/squads/8ff9e3b3/2021-2022/Sampdoria-Stats
29,26.1,54.9,38,418,3420,38,60,39,99,53,7,7,92,4,55.7,50.2,39.0,89.2,815,1507,1.58,1.03,2.61,1.39,2.42,1.46,1.03,2.49,1.32,2.35,/en/squads/e2befd26/2021-2022/Sassuolo-Stats
30,24.4,42.7,38,418,3420,38,38,25,63,35,3,5,88,4,40.1,36.2,27.9,64.1,511,999,1.0,0.66,1.66,0.92,1.58,1.05,0.73,1.79,0.95,1.69,/en/squads/68449f6d/2021-2022/Spezia-Stats
31,25.2,53.3,38,418,3420,38,43,27,70,37,6,6,89,3,48.7,44.1,36.3,80.4,628,1320,1.13,0.71,1.84,0.97,1.68,1.28,0.96,2.24,1.16,2.12,/en/squads/105360fe/2021-2022/Torino-Stats
29,26.2,42.7,38,418,3420,38,58,36,94,55,3,4,95,6,51.3,48.2,36.6,84.8,669,1226,1.53,0.95,2.47,1.45,2.39,1.35,0.96,2.31,1.27,2.23,/en/squads/04eea015/2021-2022/Udinese-Stats
39,26.1,42.3,38,418,3420,38,34,23,57,31,3,5,110,9,36.5,32.4,26.4,58.8,540,1088,0.89,0.61,1.5,0.82,1.42,0.96,0.69,1.66,0.85,1.55,/en/squads/af5d5982/2021-2022/Venezia-Stats
